{"chunk":103,"numChunks":122,"fileHash":"TY67pXhBla0Wygkjq3ckKhk7EoadZjLih9LpmCpyoek=","filePath":"cryptracker-session-bc1qseccp0hj-2026-03-05T09-38-12.ctk","content":"        \"source\": \"bc1qfqnym2f824xvp8tzvsf70vpl3hcknpqx2wsd6l\",\n        \"target\": \"fb3955004f3568021fc0ab42940fc878403a04a4a42d7c662ce74027aeb9417b\",\n        \"amount\": 0.1059896,\n        \"sources\": [\n          \"Esplora API\"\n        ],\n        \"timestamp\": 1772461923\n      },\n      {\n        \"source\": \"bc1qfqnym2f824xvp8tzvsf70vpl3hcknpqx2wsd6l\",\n        \"target\": \"a172e706f80dfb3cbded26934ea4021bdeeede89be839cf8a2f8a3a4e8242300\",\n        \"amount\": 0.00376776,\n        \"sources\": [\n          \"Esplora API\"\n        ],\n        \"timestamp\": 1772466383\n      },\n      {\n        \"source\": \"a172e706f80dfb3cbded26934ea4021bdeeede89be839cf8a2f8a3a4e8242300\",\n        \"target\": \"bc1qash5nxmvfhmtvr9afdpe60ya66gnp7qnapfpfa\",\n        \"amount\": 0.09875276,\n        \"sources\": [\n          \"Esplora API\"\n        ],\n        \"timestamp\": 1772466383\n      },\n      {\n        \"source\": \"1f01b626ff838ba152366df27e4df6f49d81716ded1c0a9e8537eb184fea53f8\",\n"}