{"chunk":98,"numChunks":122,"fileHash":"TY67pXhBla0Wygkjq3ckKhk7EoadZjLih9LpmCpyoek=","filePath":"cryptracker-session-bc1qseccp0hj-2026-03-05T09-38-12.ctk","content":"        \"target\": \"dd1a5ec68e09bf1bd570dee8674c143ed6ac57a287505e86c575627bd84cb751\",\n        \"amount\": 0.0000068,\n        \"sources\": [\n          \"Esplora API\"\n        ],\n        \"timestamp\": 1771637559,\n        \"taint\": 0.5\n      },\n      {\n        \"source\": \"dd1a5ec68e09bf1bd570dee8674c143ed6ac57a287505e86c575627bd84cb751\",\n        \"target\": \"bc1q8yjn7r0p96ntcmaq65euldzgdm7kh8nzlruzrn\",\n        \"amount\": 0.00706515,\n        \"sources\": [\n          \"Esplora API\"\n        ],\n        \"timestamp\": 1771637559,\n        \"taint\": 0.25\n      },\n      {\n        \"source\": \"bc1p59s06htdvjjqevmme86slr4texuem2yf0z25w8gq4gmy4k70rtyscrqrwc\",\n        \"target\": \"ab8473f711b815473db1038064fef3a5125a76922223f73452e7a41e5f8ab905\",\n        \"amount\": 0.0013977,\n        \"sources\": [\n          \"Esplora API\"\n        ],\n        \"timestamp\": 1771472387\n      },\n      {\n        \"source\": \"575419df4fc306f5d224091c6c58f4f3d47e8213b595217604861d535309cb47\",\n"}