{"chunk":93,"numChunks":122,"fileHash":"TY67pXhBla0Wygkjq3ckKhk7EoadZjLih9LpmCpyoek=","filePath":"cryptracker-session-bc1qseccp0hj-2026-03-05T09-38-12.ctk","content":"        \"source\": \"4639066ed1a2123341b351d2b2fda6db5b17cd98202746289098722c1ead78ab\",\n        \"target\": \"bc1p79htchjky820y6uk4pnagtga0m9ssxwp8trwt4wuul3y5pl0zplqy2alpj\",\n        \"amount\": 0.0009817,\n        \"sources\": [\n          \"Esplora API\"\n        ],\n        \"timestamp\": 1772604113\n      },\n      {\n        \"source\": \"bc1p49v85fpzy7l9k4p8lntzgyc2ackr3uw2rrw5v2s6nwhs79juzr6sqtjzm8\",\n        \"target\": \"8c753aadb77678e65b3d86cee8cfc3d78dbb9fb5979d30023294523d2b0eb6e7\",\n        \"amount\": 0.00025159,\n        \"sources\": [\n          \"Esplora API\"\n        ],\n        \"timestamp\": 1772524699\n      },\n      {\n        \"source\": \"3HLAvTRZBcxgEskmsfnvvSMRmVE5FU1RxJ\",\n        \"target\": \"15d4adc1d3fa485cc20f3a92525b620b4a55e6341e2c6563268bf03839168b5d\",\n        \"amount\": 0.00025516,\n        \"sources\": [\n          \"Esplora API\"\n        ],\n        \"timestamp\": 1772387416,\n        \"taint\": 0.5\n      },\n      {\n"}