{"chunk":78,"numChunks":122,"fileHash":"TY67pXhBla0Wygkjq3ckKhk7EoadZjLih9LpmCpyoek=","filePath":"cryptracker-session-bc1qseccp0hj-2026-03-05T09-38-12.ctk","content":"        \"target\": \"bc1p5tzjk8kpz7gwemy7h9awru5pf5zwgaptuhkhn989cdc5n2a2tg7qdn254a\",\n        \"amount\": 0.00139492,\n        \"sources\": [\n          \"Esplora API\"\n        ],\n        \"timestamp\": 1771472387\n      },\n      {\n        \"source\": \"d8974354cda62770da362e61972f554d34b88691dc247bde5ac88cbda5283903\",\n        \"target\": \"3HLAvTRZBcxgEskmsfnvvSMRmVE5FU1RxJ\",\n        \"amount\": 0.00000651,\n        \"sources\": [\n          \"Esplora API\"\n        ],\n        \"timestamp\": 1772604826,\n        \"taint\": 0.25\n      },\n      {\n        \"source\": \"8c753aadb77678e65b3d86cee8cfc3d78dbb9fb5979d30023294523d2b0eb6e7\",\n        \"target\": \"bc1qldpc90thmr7tcmzp7tfx3dzs8d65u59cwr0tkt\",\n        \"amount\": 0.0139504,\n        \"sources\": [\n          \"Esplora API\"\n        ],\n        \"timestamp\": 1772524699\n      },\n      {\n        \"source\": \"ab8473f711b815473db1038064fef3a5125a76922223f73452e7a41e5f8ab905\",\n        \"target\": \"3HLAvTRZBcxgEskmsfnvvSMRmVE5FU1RxJ\",\n        \"amount\": 0.00715845,\n        \"sources\": [\n"}