{"chunk":97,"numChunks":122,"fileHash":"TY67pXhBla0Wygkjq3ckKhk7EoadZjLih9LpmCpyoek=","filePath":"cryptracker-session-bc1qseccp0hj-2026-03-05T09-38-12.ctk","content":"        \"source\": \"4639066ed1a2123341b351d2b2fda6db5b17cd98202746289098722c1ead78ab\",\n        \"target\": \"bc1ppr4h4h3lujcqvha0h5namm0fnkz8swelqm2e2h4sgczxm87lnc6sadrjph\",\n        \"amount\": 0.00048123,\n        \"sources\": [\n          \"Esplora API\"\n        ],\n        \"timestamp\": 1772604113\n      },\n      {\n        \"source\": \"bc1pl5l406dn0u54mt0865qpvyk5q9vvvuqxvl6ez5wdgx6kuzdmy3mskel4h7\",\n        \"target\": \"ba89f738fc69488428f6fab70c2e059eb7db1ca5eaf011be9d342608248ae29b\",\n        \"amount\": 0.00706959,\n        \"sources\": [\n          \"Esplora API\"\n        ],\n        \"timestamp\": 1772423529\n      },\n      {\n        \"source\": \"26cd29a204588155073fbfcbb8ca6347335cf22cd43c2cbdd94dbc316d403e95\",\n        \"target\": \"bc1qc4xqtexwyytmttqf64y73093mzq4t0fu4c3s9r\",\n        \"amount\": 0.0002923,\n        \"sources\": [\n          \"Esplora API\"\n        ],\n        \"timestamp\": 1772293279,\n        \"taint\": 1\n      },\n      {\n        \"source\": \"3HLAvTRZBcxgEskmsfnvvSMRmVE5FU1RxJ\",\n"}