{"chunk":70,"numChunks":122,"fileHash":"TY67pXhBla0Wygkjq3ckKhk7EoadZjLih9LpmCpyoek=","filePath":"cryptracker-session-bc1qseccp0hj-2026-03-05T09-38-12.ctk","content":"        \"target\": \"bc1qhnse6l6sp820le2cqe2p4mf2fggvzxhde2r678\",\n        \"amount\": 0.00751626,\n        \"sources\": [\n          \"Esplora API\"\n        ],\n        \"timestamp\": 1772386581\n      },\n      {\n        \"source\": \"507e04ab03df62938d78fbf378d63fc6b6b46baba15526b4064a550ad52b5caa\",\n        \"target\": \"bc1qfqnym2f824xvp8tzvsf70vpl3hcknpqx2wsd6l\",\n        \"amount\": 0.00376776,\n        \"sources\": [\n          \"Esplora API\"\n        ],\n        \"timestamp\": 1772386581\n      },\n      {\n        \"source\": \"3HLAvTRZBcxgEskmsfnvvSMRmVE5FU1RxJ\",\n        \"target\": \"575419df4fc306f5d224091c6c58f4f3d47e8213b595217604861d535309cb47\",\n        \"amount\": 0.00707266,\n        \"sources\": [\n          \"Esplora API\"\n        ],\n        \"timestamp\": 1771425301,\n        \"taint\": 0.5\n      },\n      {\n        \"source\": \"bc1pcdsfrldxekake76rc0ffnrqm2f7g0mzr3m8ymry4zmrxmuc63fvs8w4g7a\",\n        \"target\": \"f8548abac0b211187a265af38fa56b999bd06d29abf5ec94102b1bf3284bbb2a\",\n        \"amount\": 0.00013726,\n"}