{"chunk":75,"numChunks":122,"fileHash":"TY67pXhBla0Wygkjq3ckKhk7EoadZjLih9LpmCpyoek=","filePath":"cryptracker-session-bc1qseccp0hj-2026-03-05T09-38-12.ctk","content":"        \"source\": \"f8548abac0b211187a265af38fa56b999bd06d29abf5ec94102b1bf3284bbb2a\",\n        \"target\": \"bc1qxkxnfet6kvkytyj075fmaxxtykera5q8kvrrmz\",\n        \"amount\": 0.00016097,\n        \"sources\": [\n          \"Esplora API\"\n        ],\n        \"timestamp\": 1771296822\n      },\n      {\n        \"source\": \"3HLAvTRZBcxgEskmsfnvvSMRmVE5FU1RxJ\",\n        \"target\": \"aff8dde8752309b30582846ac7c974cdfb59c7dc9f7296663c0f5d2627a1566b\",\n        \"amount\": 0.00694119,\n        \"sources\": [\n          \"Esplora API\"\n        ],\n        \"timestamp\": 1771224636,\n        \"taint\": 0.5\n      },\n      {\n        \"source\": \"8c753aadb77678e65b3d86cee8cfc3d78dbb9fb5979d30023294523d2b0eb6e7\",\n        \"target\": \"bc1pfexd22v6sk0ruvtqmtjq5rwkgmras985xav9jpgw4ax9ezvfqyyqlpgs37\",\n        \"amount\": 0.00027841,\n        \"sources\": [\n          \"Esplora API\"\n        ],\n        \"timestamp\": 1772524699\n      },\n      {\n"}