{"chunk":102,"numChunks":122,"fileHash":"TY67pXhBla0Wygkjq3ckKhk7EoadZjLih9LpmCpyoek=","filePath":"cryptracker-session-bc1qseccp0hj-2026-03-05T09-38-12.ctk","content":"        \"source\": \"6ae46d6b222a38cd711dc14222c63765276f54d7d5b2543cf59568e91bbac89c\",\n        \"target\": \"bc1pj2vnz8dsc697w4nw9uak5qphnz45w3k7s8yprpfz58s8ut29xt9q4t48l2\",\n        \"amount\": 0.00717521,\n        \"sources\": [\n          \"Esplora API\"\n        ],\n        \"timestamp\": 1772386581\n      },\n      {\n        \"source\": \"bc1q4ysrrs8jr9dfcxxpq6gat9etjv88dvfa2z05v5\",\n        \"target\": \"6ae46d6b222a38cd711dc14222c63765276f54d7d5b2543cf59568e91bbac89c\",\n        \"amount\": 0.01499858,\n        \"sources\": [\n          \"Esplora API\"\n        ],\n        \"timestamp\": 1772386581\n      },\n      {\n        \"source\": \"6ae46d6b222a38cd711dc14222c63765276f54d7d5b2543cf59568e91bbac89c\",\n        \"target\": \"bc1pdm8t9g59she5uq48kfsd3dt9j47nn8fw42xyd0xyfyv2kpnxjqvs0cvc4a\",\n        \"amount\": 0.00377176,\n        \"sources\": [\n          \"Esplora API\"\n        ],\n        \"timestamp\": 1772386581\n      },\n      {\n"}