{"chunk":112,"numChunks":122,"fileHash":"TY67pXhBla0Wygkjq3ckKhk7EoadZjLih9LpmCpyoek=","filePath":"cryptracker-session-bc1qseccp0hj-2026-03-05T09-38-12.ctk","content":"        \"timestamp\": 1766330528\n      },\n      {\n        \"source\": \"796425ee59f714ff8e3f17bf4aba326f2b0c20d9fdae41c0e619ba50a6f5affc\",\n        \"target\": \"bc1qdplsz4ze5eucu7kx48vldynmp7rl2jc7lpzfyh\",\n        \"amount\": 0.006835,\n        \"sources\": [\n          \"Esplora API\"\n        ],\n        \"timestamp\": 1766330528\n      },\n      {\n        \"source\": \"acc98ef3cbd197c1e82f8cd3cf008597994c4bb4260fd179a6873bb9964182f2\",\n        \"target\": \"bc1qhnse6l6sp820le2cqe2p4mf2fggvzxhde2r678\",\n        \"amount\": 0.0223247,\n        \"sources\": [\n          \"Esplora API\"\n        ],\n        \"timestamp\": 1771171103,\n        \"taint\": 1\n      },\n      {\n        \"source\": \"d94cbed95d758b86f185194d8aeaff30405225345b9c10a44282a68433ef2215\",\n        \"target\": \"bc1qhnse6l6sp820le2cqe2p4mf2fggvzxhde2r678\",\n        \"amount\": 0.00719692,\n        \"sources\": [\n          \"Esplora API\"\n        ],\n        \"timestamp\": 1771171103,\n        \"taint\": 1\n      },\n      {\n"}