{"chunk":94,"numChunks":122,"fileHash":"TY67pXhBla0Wygkjq3ckKhk7EoadZjLih9LpmCpyoek=","filePath":"cryptracker-session-bc1qseccp0hj-2026-03-05T09-38-12.ctk","content":"        \"source\": \"bc1ptjaeh70zunkz4vzqfgaecurk2p3yuar7tf0s6ptkqy52nzv238ws5ayuzz\",\n        \"target\": \"2398263210f20f1d21bb083a712653ca01e6d637e4bae7d6238d7b1b4e4f2a84\",\n        \"amount\": 0.00024809,\n        \"sources\": [\n          \"Esplora API\"\n        ],\n        \"timestamp\": 1771554745\n      },\n      {\n        \"source\": \"bc1pfd65xzqcrljrpg5xz4r40rfjcp7etjkf3kymzn63yclyfflczwhqufh7am\",\n        \"target\": \"2398263210f20f1d21bb083a712653ca01e6d637e4bae7d6238d7b1b4e4f2a84\",\n        \"amount\": 0.00710779,\n        \"sources\": [\n          \"Esplora API\"\n        ],\n        \"timestamp\": 1771554745\n      },\n      {\n        \"source\": \"cd1c537a6f8ad351abf33dea9bf465baccba0bf888f87b0d3e224cf37e6da8ed\",\n        \"target\": \"3HLAvTRZBcxgEskmsfnvvSMRmVE5FU1RxJ\",\n        \"amount\": 0.00707266,\n        \"sources\": [\n          \"Esplora API\"\n        ],\n        \"timestamp\": 1771420973,\n        \"taint\": 1\n      },\n      {\n"}