{"chunk":104,"numChunks":122,"fileHash":"TY67pXhBla0Wygkjq3ckKhk7EoadZjLih9LpmCpyoek=","filePath":"cryptracker-session-bc1qseccp0hj-2026-03-05T09-38-12.ctk","content":"        \"target\": \"bc1qe3wzesfdvtxn8xy9q92tj87nma3a3ht45h3aha\",\n        \"amount\": 0.01,\n        \"sources\": [\n          \"Esplora API\"\n        ],\n        \"timestamp\": 1772463673\n      },\n      {\n        \"source\": \"fb3955004f3568021fc0ab42940fc878403a04a4a42d7c662ce74027aeb9417b\",\n        \"target\": \"bc1qash5nxmvfhmtvr9afdpe60ya66gnp7qnapfpfa\",\n        \"amount\": 0.001,\n        \"sources\": [\n          \"Esplora API\"\n        ],\n        \"timestamp\": 1772461923\n      },\n      {\n        \"source\": \"fb3955004f3568021fc0ab42940fc878403a04a4a42d7c662ce74027aeb9417b\",\n        \"target\": \"bc1qfqnym2f824xvp8tzvsf70vpl3hcknpqx2wsd6l\",\n        \"amount\": 0.10498819,\n        \"sources\": [\n          \"Esplora API\"\n        ],\n        \"timestamp\": 1772461923\n      },\n      {\n        \"source\": \"bc1qfqnym2f824xvp8tzvsf70vpl3hcknpqx2wsd6l\",\n        \"target\": \"a172e706f80dfb3cbded26934ea4021bdeeede89be839cf8a2f8a3a4e8242300\",\n        \"amount\": 0.09498678,\n        \"sources\": [\n          \"Esplora API\"\n        ],\n        \"timestamp\": 1772466383\n      },\n      {\n"}