{"chunk":83,"numChunks":122,"fileHash":"TY67pXhBla0Wygkjq3ckKhk7EoadZjLih9LpmCpyoek=","filePath":"cryptracker-session-bc1qseccp0hj-2026-03-05T09-38-12.ctk","content":"        \"target\": \"dd1a5ec68e09bf1bd570dee8674c143ed6ac57a287505e86c575627bd84cb751\",\n        \"amount\": 0.00002572,\n        \"sources\": [\n          \"Esplora API\"\n        ],\n        \"timestamp\": 1771637559,\n        \"taint\": 0.5\n      },\n      {\n        \"source\": \"49cdef880bc755d2962da31aecc330bc6de1185278747f5b521a1b39b78491e3\",\n        \"target\": \"3HLAvTRZBcxgEskmsfnvvSMRmVE5FU1RxJ\",\n        \"amount\": 0.00000892,\n        \"sources\": [\n          \"Esplora API\"\n        ],\n        \"timestamp\": 1771555155,\n        \"taint\": 0.25\n      },\n      {\n        \"source\": \"bc1pgrz7nd79mnns5ggu4lxmmyyqdgyr2h9nklu85lkpwwp7ayl0s47se22nmg\",\n        \"target\": \"ab8473f711b815473db1038064fef3a5125a76922223f73452e7a41e5f8ab905\",\n        \"amount\": 0.00166665,\n        \"sources\": [\n          \"Esplora API\"\n        ],\n        \"timestamp\": 1771472387\n      },\n      {\n        \"source\": \"bc1p8287mp3vxm00098yh8kynugree52fst89n8xfhlspwtng3ezmprst7hrxy\",\n"}