{"chunk":95,"numChunks":122,"fileHash":"TY67pXhBla0Wygkjq3ckKhk7EoadZjLih9LpmCpyoek=","filePath":"cryptracker-session-bc1qseccp0hj-2026-03-05T09-38-12.ctk","content":"        \"source\": \"49cdef880bc755d2962da31aecc330bc6de1185278747f5b521a1b39b78491e3\",\n        \"target\": \"bc1q8yjn7r0p96ntcmaq65euldzgdm7kh8nzlruzrn\",\n        \"amount\": 0.00709541,\n        \"sources\": [\n          \"Esplora API\"\n        ],\n        \"timestamp\": 1771555155,\n        \"taint\": 0.25\n      },\n      {\n        \"source\": \"26cd29a204588155073fbfcbb8ca6347335cf22cd43c2cbdd94dbc316d403e95\",\n        \"target\": \"3HLAvTRZBcxgEskmsfnvvSMRmVE5FU1RxJ\",\n        \"amount\": 0.00025516,\n        \"sources\": [\n          \"Esplora API\"\n        ],\n        \"timestamp\": 1772293279,\n        \"taint\": 1\n      },\n      {\n        \"source\": \"bc1pkwd4h2agvdpcu6pqaz9gq5gejxfmgwnk8x32e6u8fdk38t6mdl2q9s0ens\",\n        \"target\": \"ab8473f711b815473db1038064fef3a5125a76922223f73452e7a41e5f8ab905\",\n        \"amount\": 0.00716123,\n        \"sources\": [\n          \"Esplora API\"\n        ],\n        \"timestamp\": 1771472387\n      },\n      {\n"}