{"chunk":107,"numChunks":122,"fileHash":"TY67pXhBla0Wygkjq3ckKhk7EoadZjLih9LpmCpyoek=","filePath":"cryptracker-session-bc1qseccp0hj-2026-03-05T09-38-12.ctk","content":"        \"target\": \"ea06cc53c0c4b7af0cb84e25d20914567e330ae08cfead6ec4d17a023847db9a\",\n        \"amount\": 0.00071987,\n        \"sources\": [\n          \"Esplora API\"\n        ],\n        \"timestamp\": 1772387416\n      },\n      {\n        \"source\": \"ea06cc53c0c4b7af0cb84e25d20914567e330ae08cfead6ec4d17a023847db9a\",\n        \"target\": \"bc1qfqnym2f824xvp8tzvsf70vpl3hcknpqx2wsd6l\",\n        \"amount\": 0.1059896,\n        \"sources\": [\n          \"Esplora API\"\n        ],\n        \"timestamp\": 1772387416\n      },\n      {\n        \"source\": \"ea06cc53c0c4b7af0cb84e25d20914567e330ae08cfead6ec4d17a023847db9a\",\n        \"target\": \"bc1qa6wgrthl2fmklrkfxtphafacsyzqwhc4g8w0um\",\n        \"amount\": 0.00071714,\n        \"sources\": [\n          \"Esplora API\"\n        ],\n        \"timestamp\": 1772387416\n      },\n      {\n        \"source\": \"796425ee59f714ff8e3f17bf4aba326f2b0c20d9fdae41c0e619ba50a6f5affc\",\n        \"target\": \"bc1qm34lsc65zpw79lxes69zkqmk6ee3ewf0j77s3h\",\n"}