{"chunk":6,"numChunks":122,"fileHash":"TY67pXhBla0Wygkjq3ckKhk7EoadZjLih9LpmCpyoek=","filePath":"cryptracker-session-bc1qseccp0hj-2026-03-05T09-38-12.ctk","content":"        \"hop_depth\": 0,\n        \"cluster_id\": \"cluster_bc1qsecc_42mxra\",\n        \"cluster_size\": 1,\n        \"x\": -373.57214312801614,\n        \"y\": -52.78925991870449\n      },\n      \"15d4adc1d3fa485cc20f3a92525b620b4a55e6341e2c6563268bf03839168b5d\": {\n        \"id\": \"15d4adc1d3fa485cc20f3a92525b620b4a55e6341e2c6563268bf03839168b5d\",\n        \"label\": \"15d4adc1d3fa485cc20f3a92525b620b4a55e6341e2c6563268bf03839168b5d\",\n        \"type\": \"Transaction\",\n        \"sources\": [\n          \"Esplora API\"\n        ],\n        \"risk\": 25,\n        \"entity_type\": \"unknown\",\n        \"hop_depth\": 0\n      },\n      \"17d2b210e991cd8401319e4bc959d94d81dd844acb156ab8d92aa4c2a6386a0d\": {\n        \"id\": \"17d2b210e991cd8401319e4bc959d94d81dd844acb156ab8d92aa4c2a6386a0d\",\n        \"label\": \"17d2b210e991cd8401319e4bc959d94d81dd844acb156ab8d92aa4c2a6386a0d\",\n        \"type\": \"Transaction\",\n        \"sources\": [\n          \"Esplora API\"\n        ],\n        \"risk\": 100,\n        \"entity_type\": \"unknown\",\n"}