{"chunk":101,"numChunks":122,"fileHash":"TY67pXhBla0Wygkjq3ckKhk7EoadZjLih9LpmCpyoek=","filePath":"cryptracker-session-bc1qseccp0hj-2026-03-05T09-38-12.ctk","content":"          \"Esplora API\"\n        ],\n        \"timestamp\": 1772386581\n      },\n      {\n        \"source\": \"6ae46d6b222a38cd711dc14222c63765276f54d7d5b2543cf59568e91bbac89c\",\n        \"target\": \"bc1pgpyy86ne2mvdrae0zs2a7rjdq7p95damnl72fw2q4ws5jvgvuukqnrdwpm\",\n        \"amount\": 0.00752027,\n        \"sources\": [\n          \"Esplora API\"\n        ],\n        \"timestamp\": 1772386581\n      },\n      {\n        \"source\": \"6ae46d6b222a38cd711dc14222c63765276f54d7d5b2543cf59568e91bbac89c\",\n        \"target\": \"bc1q4ysrrs8jr9dfcxxpq6gat9etjv88dvfa2z05v5\",\n        \"amount\": 0.00282207,\n        \"sources\": [\n          \"Esplora API\"\n        ],\n        \"timestamp\": 1772386581\n      },\n      {\n        \"source\": \"6ae46d6b222a38cd711dc14222c63765276f54d7d5b2543cf59568e91bbac89c\",\n        \"target\": \"bc1p0mthvaxgh8mnu4tqe2g9najpj7x5ecmtkcwnv06zq4ma32ctqevszlpnhn\",\n        \"amount\": 0.00007253,\n        \"sources\": [\n          \"Esplora API\"\n        ],\n        \"timestamp\": 1772386581\n      },\n      {\n"}