{"chunk":84,"numChunks":122,"fileHash":"TY67pXhBla0Wygkjq3ckKhk7EoadZjLih9LpmCpyoek=","filePath":"cryptracker-session-bc1qseccp0hj-2026-03-05T09-38-12.ctk","content":"        \"target\": \"cd1c537a6f8ad351abf33dea9bf465baccba0bf888f87b0d3e224cf37e6da8ed\",\n        \"amount\": 0.00707409,\n        \"sources\": [\n          \"Esplora API\"\n        ],\n        \"timestamp\": 1771420973\n      },\n      {\n        \"source\": \"bc1pcgdsgxvw8kpfdhv46udp6knqy3yy62jlvwkc5egmcwa6mcr8n7zs44nas5\",\n        \"target\": \"8c753aadb77678e65b3d86cee8cfc3d78dbb9fb5979d30023294523d2b0eb6e7\",\n        \"amount\": 0.01395454,\n        \"sources\": [\n          \"Esplora API\"\n        ],\n        \"timestamp\": 1772524699\n      },\n      {\n        \"source\": \"3HLAvTRZBcxgEskmsfnvvSMRmVE5FU1RxJ\",\n        \"target\": \"15d4adc1d3fa485cc20f3a92525b620b4a55e6341e2c6563268bf03839168b5d\",\n        \"amount\": 0.00717121,\n        \"sources\": [\n          \"Esplora API\"\n        ],\n        \"timestamp\": 1772387416,\n        \"taint\": 0.5\n      },\n      {\n        \"source\": \"17d2b210e991cd8401319e4bc959d94d81dd844acb156ab8d92aa4c2a6386a0d\",\n        \"target\": \"3HLAvTRZBcxgEskmsfnvvSMRmVE5FU1"}