{"chunk":92,"numChunks":122,"fileHash":"TY67pXhBla0Wygkjq3ckKhk7EoadZjLih9LpmCpyoek=","filePath":"cryptracker-session-bc1qseccp0hj-2026-03-05T09-38-12.ctk","content":"        ],\n        \"timestamp\": 1771298459,\n        \"taint\": 1\n      },\n      {\n        \"source\": \"f8548abac0b211187a265af38fa56b999bd06d29abf5ec94102b1bf3284bbb2a\",\n        \"target\": \"bc1pc833fzy8gsf0mee4x6y7n8hh90geq2v32zmattf3wzmkhrm3ad7sk9d9u2\",\n        \"amount\": 0.00040053,\n        \"sources\": [\n          \"Esplora API\"\n        ],\n        \"timestamp\": 1771296822\n      },\n      {\n        \"source\": \"d8974354cda62770da362e61972f554d34b88691dc247bde5ac88cbda5283903\",\n        \"target\": \"bc1q8yjn7r0p96ntcmaq65euldzgdm7kh8nzlruzrn\",\n        \"amount\": 0.00603037,\n        \"sources\": [\n          \"Esplora API\"\n        ],\n        \"timestamp\": 1772604826,\n        \"taint\": 0.25\n      },\n      {\n        \"source\": \"bc1pmvqfuwcscsfjt007qn87vfl5fsvk9p5hu8afgn3cg647qx4w22zshsrsc6\",\n        \"target\": \"4639066ed1a2123341b351d2b2fda6db5b17cd98202746289098722c1ead78ab\",\n        \"amount\": 0.00098599,\n        \"sources\": [\n          \"Esplora API\"\n        ],\n        \"timestamp\": 1772604113\n      },\n      {\n"}