{"chunk":115,"numChunks":122,"fileHash":"TY67pXhBla0Wygkjq3ckKhk7EoadZjLih9LpmCpyoek=","filePath":"cryptracker-session-bc1qseccp0hj-2026-03-05T09-38-12.ctk","content":"        \"amount\": 0.00736762,\n        \"sources\": [\n          \"Esplora API\"\n        ],\n        \"timestamp\": 1771774071,\n        \"taint\": 1\n      },\n      {\n        \"source\": \"bc1p645ctmsj7cg0jlj3t577a033ljklrvl40l05d3tgxph24ptdptvsffn9pr\",\n        \"target\": \"d94cbed95d758b86f185194d8aeaff30405225345b9c10a44282a68433ef2215\",\n        \"amount\": 0.00719976,\n        \"sources\": [\n          \"Esplora API\"\n        ],\n        \"timestamp\": 1771171103\n      },\n      {\n        \"source\": \"796425ee59f714ff8e3f17bf4aba326f2b0c20d9fdae41c0e619ba50a6f5affc\",\n        \"target\": \"bc1qh6jk6p06calzhuct0v0vn5wyv2ckyzgajsql8t\",\n        \"amount\": 0.00083031,\n        \"sources\": [\n          \"Esplora API\"\n        ],\n        \"timestamp\": 1766330528\n      },\n      {\n        \"source\": \"796425ee59f714ff8e3f17bf4aba326f2b0c20d9fdae41c0e619ba50a6f5affc\",\n        \"target\": \"bc1q243f4mmp2ulzswv3l828qupdpm5prgh0r7qlfr\",\n        \"amount\": 0.00210614,\n        \"sources\": [\n          \"Esplora API\"\n        ],\n        \"timestamp\": 1766330528\n      },\n      {\n"}