{"chunk":116,"numChunks":122,"fileHash":"TY67pXhBla0Wygkjq3ckKhk7EoadZjLih9LpmCpyoek=","filePath":"cryptracker-session-bc1qseccp0hj-2026-03-05T09-38-12.ctk","content":"        \"source\": \"796425ee59f714ff8e3f17bf4aba326f2b0c20d9fdae41c0e619ba50a6f5affc\",\n        \"target\": \"bc1qmsfhmkuzsseda93edn3susnytnquafsakqfxej\",\n        \"amount\": 0.00266827,\n        \"sources\": [\n          \"Esplora API\"\n        ],\n        \"timestamp\": 1766330528\n      },\n      {\n        \"source\": \"bc1q4wjep6agq5pytf3k580c7hawq70cr85462ypnh\",\n        \"target\": \"acc98ef3cbd197c1e82f8cd3cf008597994c4bb4260fd179a6873bb9964182f2\",\n        \"amount\": 0.0223258,\n        \"sources\": [\n          \"Esplora API\"\n        ],\n        \"timestamp\": 1771171103\n      },\n      {\n        \"source\": \"796425ee59f714ff8e3f17bf4aba326f2b0c20d9fdae41c0e619ba50a6f5affc\",\n        \"target\": \"bc1q8m2rc83v3tx89mk2t7e6c9r4vslpm3326q460t\",\n        \"amount\": 0.00109389,\n        \"sources\": [\n          \"Esplora API\"\n        ],\n        \"timestamp\": 1766330528\n      },\n      {\n        \"source\": \"796425ee59f714ff8e3f17bf4aba326f2b0c20d9fdae41c0e619ba50a6f5affc\",\n"}