{"chunk":73,"numChunks":122,"fileHash":"TY67pXhBla0Wygkjq3ckKhk7EoadZjLih9LpmCpyoek=","filePath":"cryptracker-session-bc1qseccp0hj-2026-03-05T09-38-12.ctk","content":"        \"target\": \"a91d49b684b651cf3c07abba53b954f5e7862220f21d60572fff4c6b9fdb3bd6\",\n        \"amount\": 0.00676314,\n        \"sources\": [\n          \"Esplora API\"\n        ],\n        \"timestamp\": 1771155787\n      },\n      {\n        \"source\": \"a91d49b684b651cf3c07abba53b954f5e7862220f21d60572fff4c6b9fdb3bd6\",\n        \"target\": \"3HLAvTRZBcxgEskmsfnvvSMRmVE5FU1RxJ\",\n        \"amount\": 0.00676169,\n        \"sources\": [\n          \"Esplora API\"\n        ],\n        \"timestamp\": 1771155787\n      },\n      {\n        \"source\": \"5ca1bc3042db013953bb84ffaac5dc0e2148cfe6a95a484e04ffc142ccda1155\",\n        \"target\": \"bc1q8yjn7r0p96ntcmaq65euldzgdm7kh8nzlruzrn\",\n        \"amount\": 0.00532664,\n        \"sources\": [\n          \"Esplora API\"\n        ],\n        \"timestamp\": 1770537155,\n        \"taint\": 1\n      },\n      {\n        \"source\": \"8c753aadb77678e65b3d86cee8cfc3d78dbb9fb5979d30023294523d2b0eb6e7\",\n        \"target\": \"3HLAvTRZBcxgEskmsfnvvSMRmVE5FU1RxJ\",\n        \"amount\": 0.00697735,\n"}