{"chunk":100,"numChunks":122,"fileHash":"TY67pXhBla0Wygkjq3ckKhk7EoadZjLih9LpmCpyoek=","filePath":"cryptracker-session-bc1qseccp0hj-2026-03-05T09-38-12.ctk","content":"        \"amount\": 0.00721717,\n        \"sources\": [\n          \"Esplora API\"\n        ],\n        \"timestamp\": 1772526379,\n        \"taint\": 0.25\n      },\n      {\n        \"source\": \"bc1p5ptqphhe7h97gwy26g7rrqwzhrh38v9walhey0u8cshxj99jxmlstns083\",\n        \"target\": \"8c753aadb77678e65b3d86cee8cfc3d78dbb9fb5979d30023294523d2b0eb6e7\",\n        \"amount\": 0.00028252,\n        \"sources\": [\n          \"Esplora API\"\n        ],\n        \"timestamp\": 1772524699\n      },\n      {\n        \"source\": \"bc1q4ysrrs8jr9dfcxxpq6gat9etjv88dvfa2z05v5\",\n        \"target\": \"6ae46d6b222a38cd711dc14222c63765276f54d7d5b2543cf59568e91bbac89c\",\n        \"amount\": 0.00789995,\n        \"sources\": [\n          \"Esplora API\"\n        ],\n        \"timestamp\": 1772386581\n      },\n      {\n        \"source\": \"6ae46d6b222a38cd711dc14222c63765276f54d7d5b2543cf59568e91bbac89c\",\n        \"target\": \"bc1p3x9wzkaj3ve2a6327l3rzu64ptyvku5ghx4glpcwgtwpsqlcxdjsdnjakl\",\n        \"amount\": 0.00149363,\n        \"sources\": [\n"}