{"chunk":72,"numChunks":122,"fileHash":"TY67pXhBla0Wygkjq3ckKhk7EoadZjLih9LpmCpyoek=","filePath":"cryptracker-session-bc1qseccp0hj-2026-03-05T09-38-12.ctk","content":"        \"source\": \"3HLAvTRZBcxgEskmsfnvvSMRmVE5FU1RxJ\",\n        \"target\": \"20f0ae5c427a363a3c65fa9328a66ed14fb0171745712b15005bba8ccb8ae064\",\n        \"amount\": 0.00706816,\n        \"sources\": [\n          \"Esplora API\"\n        ],\n        \"timestamp\": 1772423954,\n        \"taint\": 0.5\n      },\n      {\n        \"source\": \"15d4adc1d3fa485cc20f3a92525b620b4a55e6341e2c6563268bf03839168b5d\",\n        \"target\": \"3HLAvTRZBcxgEskmsfnvvSMRmVE5FU1RxJ\",\n        \"amount\": 0.00001026,\n        \"sources\": [\n          \"Esplora API\"\n        ],\n        \"timestamp\": 1772387416,\n        \"taint\": 0.25\n      },\n      {\n        \"source\": \"ab8473f711b815473db1038064fef3a5125a76922223f73452e7a41e5f8ab905\",\n        \"target\": \"bc1q4qsefd2xfnlmyag8zjll50hanwe0kk3u467ynw\",\n        \"amount\": 0.00166387,\n        \"sources\": [\n          \"Esplora API\"\n        ],\n        \"timestamp\": 1771472387\n      },\n      {\n        \"source\": \"bc1p6lustv25ykzeasavqd0axnarlghqlwutj7gfv2wyedzf4kr8f0hszd7m0l\",\n"}