{"chunk":96,"numChunks":122,"fileHash":"TY67pXhBla0Wygkjq3ckKhk7EoadZjLih9LpmCpyoek=","filePath":"cryptracker-session-bc1qseccp0hj-2026-03-05T09-38-12.ctk","content":"        \"source\": \"bc1pemn5c8c4kvz2lqxyrwsg76t9qen4p9m8njwcuhp2kpjs2fv0pztsfu2s2m\",\n        \"target\": \"a91d49b684b651cf3c07abba53b954f5e7862220f21d60572fff4c6b9fdb3bd6\",\n        \"amount\": 0.00026394,\n        \"sources\": [\n          \"Esplora API\"\n        ],\n        \"timestamp\": 1771155787\n      },\n      {\n        \"source\": \"bc1pqylqgjl7hw90za8quxghhcafyjkmsnv2xh40pxnkdvrc80kmgczq9gvw88\",\n        \"target\": \"dc314615f6785e7dd41e50f9d0c73933ec13df07730c2682dacea5e0fd66c41d\",\n        \"amount\": 0.00533242,\n        \"sources\": [\n          \"Esplora API\"\n        ],\n        \"timestamp\": 1770535475\n      },\n      {\n        \"source\": \"bc1pcwgwklh8w0k6k0037z6wqtjsuepaeupx2xydlj5al4zhh4fc8hhscdvafz\",\n        \"target\": \"4639066ed1a2123341b351d2b2fda6db5b17cd98202746289098722c1ead78ab\",\n        \"amount\": 0.00604453,\n        \"sources\": [\n          \"Esplora API\"\n        ],\n        \"timestamp\": 1772604113\n      },\n      {\n"}