{"chunk":90,"numChunks":122,"fileHash":"TY67pXhBla0Wygkjq3ckKhk7EoadZjLih9LpmCpyoek=","filePath":"cryptracker-session-bc1qseccp0hj-2026-03-05T09-38-12.ctk","content":"        \"target\": \"4639066ed1a2123341b351d2b2fda6db5b17cd98202746289098722c1ead78ab\",\n        \"amount\": 0.00435312,\n        \"sources\": [\n          \"Esplora API\"\n        ],\n        \"timestamp\": 1772604113\n      },\n      {\n        \"source\": \"4639066ed1a2123341b351d2b2fda6db5b17cd98202746289098722c1ead78ab\",\n        \"target\": \"3HLAvTRZBcxgEskmsfnvvSMRmVE5FU1RxJ\",\n        \"amount\": 0.00604024,\n        \"sources\": [\n          \"Esplora API\"\n        ],\n        \"timestamp\": 1772604113\n      },\n      {\n        \"source\": \"ba89f738fc69488428f6fab70c2e059eb7db1ca5eaf011be9d342608248ae29b\",\n        \"target\": \"3HLAvTRZBcxgEskmsfnvvSMRmVE5FU1RxJ\",\n        \"amount\": 0.00706816,\n        \"sources\": [\n          \"Esplora API\"\n        ],\n        \"timestamp\": 1772423529,\n        \"taint\": 1\n      },\n      {\n        \"source\": \"22b412bfe3423bf8860c977b412bf9803c95d68b452a8c2a32b657913d8e4c6d\",\n        \"target\": \"bc1q8yjn7r0p96ntcmaq65euldzgdm7kh8nzlruzrn\",\n        \"amount\": 0.00691439,\n        \"sources\": [\n          \"Espl"}