{"chunk":86,"numChunks":122,"fileHash":"TY67pXhBla0Wygkjq3ckKhk7EoadZjLih9LpmCpyoek=","filePath":"cryptracker-session-bc1qseccp0hj-2026-03-05T09-38-12.ctk","content":"        \"amount\": 0.00703127,\n        \"sources\": [\n          \"Esplora API\"\n        ],\n        \"timestamp\": 1771637042,\n        \"taint\": 1\n      },\n      {\n        \"source\": \"bc1ppv4zpj3uccxtmgheq00sda5ctz6djj99hf946z2qx6z4mwts06dsz62d5m\",\n        \"target\": \"f8548abac0b211187a265af38fa56b999bd06d29abf5ec94102b1bf3284bbb2a\",\n        \"amount\": 0.00016508,\n        \"sources\": [\n          \"Esplora API\"\n        ],\n        \"timestamp\": 1771296822\n      },\n      {\n        \"source\": \"dc314615f6785e7dd41e50f9d0c73933ec13df07730c2682dacea5e0fd66c41d\",\n        \"target\": \"3HLAvTRZBcxgEskmsfnvvSMRmVE5FU1RxJ\",\n        \"amount\": 0.00533099,\n        \"sources\": [\n          \"Esplora API\"\n        ],\n        \"timestamp\": 1770535475,\n        \"taint\": 1\n      },\n      {\n        \"source\": \"4639066ed1a2123341b351d2b2fda6db5b17cd98202746289098722c1ead78ab\",\n        \"target\": \"bc1p0lhn7kuhgxxrxjeza8uj622xzqgz0vw3krvdvus2skygc6s6nlasnydqkw\",\n        \"amount\": 0.00434883,\n        \"sources\": [\n          \"Esplora API\"\n        ],\n"}