{"chunk":105,"numChunks":122,"fileHash":"TY67pXhBla0Wygkjq3ckKhk7EoadZjLih9LpmCpyoek=","filePath":"cryptracker-session-bc1qseccp0hj-2026-03-05T09-38-12.ctk","content":"        \"source\": \"bc1qfqnym2f824xvp8tzvsf70vpl3hcknpqx2wsd6l\",\n        \"target\": \"1f01b626ff838ba152366df27e4df6f49d81716ded1c0a9e8537eb184fea53f8\",\n        \"amount\": 0.10498819,\n        \"sources\": [\n          \"Esplora API\"\n        ],\n        \"timestamp\": 1772463673\n      },\n      {\n        \"source\": \"1f01b626ff838ba152366df27e4df6f49d81716ded1c0a9e8537eb184fea53f8\",\n        \"target\": \"bc1qfqnym2f824xvp8tzvsf70vpl3hcknpqx2wsd6l\",\n        \"amount\": 0.09498678,\n        \"sources\": [\n          \"Esplora API\"\n        ],\n        \"timestamp\": 1772463673\n      },\n      {\n        \"source\": \"bc1ppd02zmjdrmj2feetqedzalsudznr8cgw9kx45z26gt8r7l9xfd9s580fml\",\n        \"target\": \"ea06cc53c0c4b7af0cb84e25d20914567e330ae08cfead6ec4d17a023847db9a\",\n        \"amount\": 0.10599233,\n        \"sources\": [\n          \"Esplora API\"\n        ],\n        \"timestamp\": 1772387416\n      },\n      {\n        \"source\": \"bc1pm0xzrxxfsaqz8jufdpxdc03gxft2e9xngkye6tu0xvvjpfpss2lqa5x"}