{"chunk":87,"numChunks":122,"fileHash":"TY67pXhBla0Wygkjq3ckKhk7EoadZjLih9LpmCpyoek=","filePath":"cryptracker-session-bc1qseccp0hj-2026-03-05T09-38-12.ctk","content":"        \"timestamp\": 1772604113\n      },\n      {\n        \"source\": \"20f0ae5c427a363a3c65fa9328a66ed14fb0171745712b15005bba8ccb8ae064\",\n        \"target\": \"bc1q8yjn7r0p96ntcmaq65euldzgdm7kh8nzlruzrn\",\n        \"amount\": 0.00707097,\n        \"sources\": [\n          \"Esplora API\"\n        ],\n        \"timestamp\": 1772423954,\n        \"taint\": 0.25\n      },\n      {\n        \"source\": \"aff8dde8752309b30582846ac7c974cdfb59c7dc9f7296663c0f5d2627a1566b\",\n        \"target\": \"bc1q8yjn7r0p96ntcmaq65euldzgdm7kh8nzlruzrn\",\n        \"amount\": 0.00693635,\n        \"sources\": [\n          \"Esplora API\"\n        ],\n        \"timestamp\": 1771224636,\n        \"taint\": 1\n      },\n      {\n        \"source\": \"bc1px3d984gcddr6l0hr8pxkrp7lklyxt3ppszcdm2n0wva9u8cphd8qeu350z\",\n        \"target\": \"3d86c13fa63efef39faa6c76b1f6bd07897f37c245a42bca1556a05ce43e8051\",\n        \"amount\": 0.00694262,\n        \"sources\": [\n          \"Esplora API\"\n        ],\n        \"timestamp\": 1771222169\n      },\n      {\n"}