{"chunk":113,"numChunks":122,"fileHash":"TY67pXhBla0Wygkjq3ckKhk7EoadZjLih9LpmCpyoek=","filePath":"cryptracker-session-bc1qseccp0hj-2026-03-05T09-38-12.ctk","content":"        \"source\": \"796425ee59f714ff8e3f17bf4aba326f2b0c20d9fdae41c0e619ba50a6f5affc\",\n        \"target\": \"1CYDarRdcgwWSPSLE4uQiuMtWVj3bodFGZ\",\n        \"amount\": 0.000485,\n        \"sources\": [\n          \"Esplora API\"\n        ],\n        \"timestamp\": 1766330528\n      },\n      {\n        \"source\": \"796425ee59f714ff8e3f17bf4aba326f2b0c20d9fdae41c0e619ba50a6f5affc\",\n        \"target\": \"bc1p2mlwrss9tmvtfvu0tcxul2h0w67ej8vyjpj3ksctt67vd9r752ksqx6uqm\",\n        \"amount\": 65.55355544,\n        \"sources\": [\n          \"Esplora API\"\n        ],\n        \"timestamp\": 1766330528\n      },\n      {\n        \"source\": \"796425ee59f714ff8e3f17bf4aba326f2b0c20d9fdae41c0e619ba50a6f5affc\",\n        \"target\": \"1KM2d54gFSoVosjaWVoygxuRhMakyDmczf\",\n        \"amount\": 0.01410866,\n        \"sources\": [\n          \"Esplora API\"\n        ],\n        \"timestamp\": 1766330528\n      },\n      {\n        \"source\": \"796425ee59f714ff8e3f17bf4aba326f2b0c20d9fdae41c0e619ba50a6f5affc\",\n"}