{"chunk":77,"numChunks":122,"fileHash":"TY67pXhBla0Wygkjq3ckKhk7EoadZjLih9LpmCpyoek=","filePath":"cryptracker-session-bc1qseccp0hj-2026-03-05T09-38-12.ctk","content":"        \"target\": \"20f0ae5c427a363a3c65fa9328a66ed14fb0171745712b15005bba8ccb8ae064\",\n        \"amount\": 0.00001026,\n        \"sources\": [\n          \"Esplora API\"\n        ],\n        \"timestamp\": 1772423954,\n        \"taint\": 0.5\n      },\n      {\n        \"source\": \"3HLAvTRZBcxgEskmsfnvvSMRmVE5FU1RxJ\",\n        \"target\": \"dd1a5ec68e09bf1bd570dee8674c143ed6ac57a287505e86c575627bd84cb751\",\n        \"amount\": 0.00703127,\n        \"sources\": [\n          \"Esplora API\"\n        ],\n        \"timestamp\": 1771637559,\n        \"taint\": 0.5\n      },\n      {\n        \"source\": \"2398263210f20f1d21bb083a712653ca01e6d637e4bae7d6238d7b1b4e4f2a84\",\n        \"target\": \"bc1pqgcrgfmlj3zpzz038wy42e987k4946rwcue365f2jrpwryzy7jdscdwdxx\",\n        \"amount\": 0.00024666,\n        \"sources\": [\n          \"Esplora API\"\n        ],\n        \"timestamp\": 1771554745\n      },\n      {\n        \"source\": \"ab8473f711b815473db1038064fef3a5125a76922223f73452e7a41e5f8ab905\",\n"}