{"chunk":80,"numChunks":122,"fileHash":"TY67pXhBla0Wygkjq3ckKhk7EoadZjLih9LpmCpyoek=","filePath":"cryptracker-session-bc1qseccp0hj-2026-03-05T09-38-12.ctk","content":"        \"source\": \"8c753aadb77678e65b3d86cee8cfc3d78dbb9fb5979d30023294523d2b0eb6e7\",\n        \"target\": \"3HLAvTRZBcxgEskmsfnvvSMRmVE5FU1RxJ\",\n        \"amount\": 0.00024748,\n        \"sources\": [\n          \"Esplora API\"\n        ],\n        \"timestamp\": 1772524699\n      },\n      {\n        \"source\": \"15d4adc1d3fa485cc20f3a92525b620b4a55e6341e2c6563268bf03839168b5d\",\n        \"target\": \"bc1q8yjn7r0p96ntcmaq65euldzgdm7kh8nzlruzrn\",\n        \"amount\": 0.00741311,\n        \"sources\": [\n          \"Esplora API\"\n        ],\n        \"timestamp\": 1772387416,\n        \"taint\": 0.25\n      },\n      {\n        \"source\": \"bc1px8xnagmccng08mvsnz68cau8cyy3c8l0z5fd0ygzvxjyykdlv3xszs6qa3\",\n        \"target\": \"26cd29a204588155073fbfcbb8ca6347335cf22cd43c2cbdd94dbc316d403e95\",\n        \"amount\": 0.00025927,\n        \"sources\": [\n          \"Esplora API\"\n        ],\n        \"timestamp\": 1772293279\n      },\n      {\n"}