{"chunk":67,"numChunks":122,"fileHash":"TY67pXhBla0Wygkjq3ckKhk7EoadZjLih9LpmCpyoek=","filePath":"cryptracker-session-bc1qseccp0hj-2026-03-05T09-38-12.ctk","content":"        \"source\": \"a5248f5d6c5c2d9b19c1a57689f22c4bf5a8fce829fe013b2dfd694871ed3039\",\n        \"target\": \"bc1ql752c58uruh8tyrtuwadrtzgytw83vpkegznx5\",\n        \"amount\": 0.000015,\n        \"sources\": [\n          \"Esplora API\"\n        ],\n        \"timestamp\": 1772408537\n      },\n      {\n        \"source\": \"a5248f5d6c5c2d9b19c1a57689f22c4bf5a8fce829fe013b2dfd694871ed3039\",\n        \"target\": \"bc1qseccp0hj8s63mlh9qlxzruh37mger73842mxra\",\n        \"amount\": 0.00005184,\n        \"sources\": [\n          \"Esplora API\"\n        ],\n        \"timestamp\": 1772408537\n      },\n      {\n        \"source\": \"bc1p3x9wzkaj3ve2a6327l3rzu64ptyvku5ghx4glpcwgtwpsqlcxdjsdnjakl\",\n        \"target\": \"507e04ab03df62938d78fbf378d63fc6b6b46baba15526b4064a550ad52b5caa\",\n        \"amount\": 0.00149363,\n        \"sources\": [\n          \"Esplora API\"\n        ],\n        \"timestamp\": 1772386581\n      },\n      {\n"}