{"chunk":69,"numChunks":122,"fileHash":"TY67pXhBla0Wygkjq3ckKhk7EoadZjLih9LpmCpyoek=","filePath":"cryptracker-session-bc1qseccp0hj-2026-03-05T09-38-12.ctk","content":"        \"source\": \"bc1pj2vnz8dsc697w4nw9uak5qphnz45w3k7s8yprpfz58s8ut29xt9q4t48l2\",\n        \"target\": \"507e04ab03df62938d78fbf378d63fc6b6b46baba15526b4064a550ad52b5caa\",\n        \"amount\": 0.00717521,\n        \"sources\": [\n          \"Esplora API\"\n        ],\n        \"timestamp\": 1772386581\n      },\n      {\n        \"source\": \"507e04ab03df62938d78fbf378d63fc6b6b46baba15526b4064a550ad52b5caa\",\n        \"target\": \"bc1qnl2v0n0w5hs78v7qvnjg8xmt0thyahfwdk8k5h\",\n        \"amount\": 0.00148963,\n        \"sources\": [\n          \"Esplora API\"\n        ],\n        \"timestamp\": 1772386581\n      },\n      {\n        \"source\": \"507e04ab03df62938d78fbf378d63fc6b6b46baba15526b4064a550ad52b5caa\",\n        \"target\": \"bc1qseccp0hj8s63mlh9qlxzruh37mger73842mxra\",\n        \"amount\": 0.00006853,\n        \"sources\": [\n          \"Esplora API\"\n        ],\n        \"timestamp\": 1772386581\n      },\n      {\n        \"source\": \"507e04ab03df62938d78fbf378d63fc6b6b46baba15526b4064a550ad52b5caa\",\n"}