{"chunk":114,"numChunks":122,"fileHash":"TY67pXhBla0Wygkjq3ckKhk7EoadZjLih9LpmCpyoek=","filePath":"cryptracker-session-bc1qseccp0hj-2026-03-05T09-38-12.ctk","content":"        \"target\": \"bc1q9cduw0wyrtvxfd5n202kcrkw0vvmrntssn7838\",\n        \"amount\": 0.0002306,\n        \"sources\": [\n          \"Esplora API\"\n        ],\n        \"timestamp\": 1766330528\n      },\n      {\n        \"source\": \"bc1pmz6atumsh96tpmmyky378zddfzrswwcrnf90v9zarhu2w9tgjwyq0vv82a\",\n        \"target\": \"25bd8c6a3230f88ebbac3d36b3d53b395b2a112401886e8d4cd443f1207f372d\",\n        \"amount\": 0.00737188,\n        \"sources\": [\n          \"Esplora API\"\n        ],\n        \"timestamp\": 1771774071\n      },\n      {\n        \"source\": \"796425ee59f714ff8e3f17bf4aba326f2b0c20d9fdae41c0e619ba50a6f5affc\",\n        \"target\": \"bc1q0hk3x8s0ej7gpjnz2clmctx8uaj32lyz6qxhcs\",\n        \"amount\": 0.04541354,\n        \"sources\": [\n          \"Esplora API\"\n        ],\n        \"timestamp\": 1766330528\n      },\n      {\n        \"source\": \"25bd8c6a3230f88ebbac3d36b3d53b395b2a112401886e8d4cd443f1207f372d\",\n        \"target\": \"bc1qhnse6l6sp820le2cqe2p4mf2fggvzxhde2r678\",\n"}