{"chunk":99,"numChunks":122,"fileHash":"TY67pXhBla0Wygkjq3ckKhk7EoadZjLih9LpmCpyoek=","filePath":"cryptracker-session-bc1qseccp0hj-2026-03-05T09-38-12.ctk","content":"        \"target\": \"bc1q8yjn7r0p96ntcmaq65euldzgdm7kh8nzlruzrn\",\n        \"amount\": 0.0070638,\n        \"sources\": [\n          \"Esplora API\"\n        ],\n        \"timestamp\": 1771425301,\n        \"taint\": 0.25\n      },\n      {\n        \"source\": \"bc1pxmpqv0k24l697e7a6x3cxpxfqzga6nxgt4zhwzmkkpsqvgzdkkhqgca7qr\",\n        \"target\": \"4639066ed1a2123341b351d2b2fda6db5b17cd98202746289098722c1ead78ab\",\n        \"amount\": 0.00048552,\n        \"sources\": [\n          \"Esplora API\"\n        ],\n        \"timestamp\": 1772604113\n      },\n      {\n        \"source\": \"3HLAvTRZBcxgEskmsfnvvSMRmVE5FU1RxJ\",\n        \"target\": \"51fc6244603f19861e8346ec7cc9483b7a469a41b267ab64ddefaaad1d72d929\",\n        \"amount\": 0.00024748,\n        \"sources\": [\n          \"Esplora API\"\n        ],\n        \"timestamp\": 1772526379,\n        \"taint\": 0.5\n      },\n      {\n        \"source\": \"51fc6244603f19861e8346ec7cc9483b7a469a41b267ab64ddefaaad1d72d929\",\n        \"target\": \"bc1q8yjn7r0p96ntcmaq65euldzgdm7kh8nzlruzrn\",\n"}