{"chunk":68,"numChunks":122,"fileHash":"TY67pXhBla0Wygkjq3ckKhk7EoadZjLih9LpmCpyoek=","filePath":"cryptracker-session-bc1qseccp0hj-2026-03-05T09-38-12.ctk","content":"        \"source\": \"bc1p0mthvaxgh8mnu4tqe2g9najpj7x5ecmtkcwnv06zq4ma32ctqevszlpnhn\",\n        \"target\": \"507e04ab03df62938d78fbf378d63fc6b6b46baba15526b4064a550ad52b5caa\",\n        \"amount\": 0.00007253,\n        \"sources\": [\n          \"Esplora API\"\n        ],\n        \"timestamp\": 1772386581\n      },\n      {\n        \"source\": \"bc1pgpyy86ne2mvdrae0zs2a7rjdq7p95damnl72fw2q4ws5jvgvuukqnrdwpm\",\n        \"target\": \"507e04ab03df62938d78fbf378d63fc6b6b46baba15526b4064a550ad52b5caa\",\n        \"amount\": 0.00752027,\n        \"sources\": [\n          \"Esplora API\"\n        ],\n        \"timestamp\": 1772386581\n      },\n      {\n        \"source\": \"bc1pdm8t9g59she5uq48kfsd3dt9j47nn8fw42xyd0xyfyv2kpnxjqvs0cvc4a\",\n        \"target\": \"507e04ab03df62938d78fbf378d63fc6b6b46baba15526b4064a550ad52b5caa\",\n        \"amount\": 0.00377176,\n        \"sources\": [\n          \"Esplora API\"\n        ],\n        \"timestamp\": 1772386581\n      },\n      {\n"}