{"chunk":89,"numChunks":122,"fileHash":"TY67pXhBla0Wygkjq3ckKhk7EoadZjLih9LpmCpyoek=","filePath":"cryptracker-session-bc1qseccp0hj-2026-03-05T09-38-12.ctk","content":"        \"target\": \"f8548abac0b211187a265af38fa56b999bd06d29abf5ec94102b1bf3284bbb2a\",\n        \"amount\": 0.00692481,\n        \"sources\": [\n          \"Esplora API\"\n        ],\n        \"timestamp\": 1771296822\n      },\n      {\n        \"source\": \"3HLAvTRZBcxgEskmsfnvvSMRmVE5FU1RxJ\",\n        \"target\": \"5a596ded965b7bd3c5832caa8ae526a8f83771b8e2231a0148f9b3181d4b72d2\",\n        \"amount\": 0.00676169,\n        \"sources\": [\n          \"Esplora API\"\n        ],\n        \"timestamp\": 1771156207,\n        \"taint\": 0.5\n      },\n      {\n        \"source\": \"a91d49b684b651cf3c07abba53b954f5e7862220f21d60572fff4c6b9fdb3bd6\",\n        \"target\": \"bc1pdpcme6qa22h4z8lr0fr3r2j3p8mn07lck2w2jevn76q2gn7fcqjsv6y2fp\",\n        \"amount\": 0.00026249,\n        \"sources\": [\n          \"Esplora API\"\n        ],\n        \"timestamp\": 1771155787\n      },\n      {\n        \"source\": \"bc1pdg62a6283qjtv0qv695f05u6hr45k3shatjqrtjv8weevdde0wnq72pyw4\",\n"}