{"chunk":118,"numChunks":122,"fileHash":"TY67pXhBla0Wygkjq3ckKhk7EoadZjLih9LpmCpyoek=","filePath":"cryptracker-session-bc1qseccp0hj-2026-03-05T09-38-12.ctk","content":"          \"Esplora API\"\n        ],\n        \"timestamp\": 1766330528\n      },\n      {\n        \"source\": \"796425ee59f714ff8e3f17bf4aba326f2b0c20d9fdae41c0e619ba50a6f5affc\",\n        \"target\": \"bc1qpzvn929eatjkpkvs9nfenwtwats23vwt66p5za\",\n        \"amount\": 0.002385,\n        \"sources\": [\n          \"Esplora API\"\n        ],\n        \"timestamp\": 1766330528\n      },\n      {\n        \"source\": \"796425ee59f714ff8e3f17bf4aba326f2b0c20d9fdae41c0e619ba50a6f5affc\",\n        \"target\": \"bc1p02lcpxqfjq8nc9fcy4ux9ldaj87e3axdlzmsks0teupr9h0a2rcqltltk0\",\n        \"amount\": 0.00023319,\n        \"sources\": [\n          \"Esplora API\"\n        ],\n        \"timestamp\": 1766330528\n      },\n      {\n        \"source\": \"a7b4edc4860c0ec55276f960c6662d5e9ed4801fdbced9ab89c28fc877d26a76\",\n        \"target\": \"bc1qzsp6z9hwpq7j9w2879dxs97y08m0ghv5nvewur\",\n        \"amount\": 0.00005,\n        \"sources\": [\n          \"Esplora API\"\n        ],\n        \"timestamp\": 1772403580\n      },\n      {\n"}