{"chunk":79,"numChunks":122,"fileHash":"TY67pXhBla0Wygkjq3ckKhk7EoadZjLih9LpmCpyoek=","filePath":"cryptracker-session-bc1qseccp0hj-2026-03-05T09-38-12.ctk","content":"          \"Esplora API\"\n        ],\n        \"timestamp\": 1771472387\n      },\n      {\n        \"source\": \"3HLAvTRZBcxgEskmsfnvvSMRmVE5FU1RxJ\",\n        \"target\": \"22b412bfe3423bf8860c977b412bf9803c95d68b452a8c2a32b657913d8e4c6d\",\n        \"amount\": 0.0069207,\n        \"sources\": [\n          \"Esplora API\"\n        ],\n        \"timestamp\": 1771298459,\n        \"taint\": 0.5\n      },\n      {\n        \"source\": \"bc1ppzhl4x85g9kucpzeqk7hylett0d9alqxxse4h5sunjh9z0wwm2gs3h624p\",\n        \"target\": \"4639066ed1a2123341b351d2b2fda6db5b17cd98202746289098722c1ead78ab\",\n        \"amount\": 0.00054312,\n        \"sources\": [\n          \"Esplora API\"\n        ],\n        \"timestamp\": 1772604113\n      },\n      {\n        \"source\": \"4639066ed1a2123341b351d2b2fda6db5b17cd98202746289098722c1ead78ab\",\n        \"target\": \"bc1pq2fygjckrvz6xu34zp5m98k2fut9vn64ws7tvn82lygrlj55d7jqcgazys\",\n        \"amount\": 0.00053883,\n        \"sources\": [\n          \"Esplora API\"\n        ],\n        \"timestamp\": 1772604113\n      },\n      {\n"}